pair,pixel,fourier,curvature,centroid,texture,total
0.right - 1.left,0.3226891,0.43586841799741693,1.0,0.5587292455552966,0.3436033038273841,0.3817659858587129
0.bottom - 1.top,0.338352,0.5220422055449465,0.8530811608401327,0.42641570912936616,0.29988005326825734,0.38301345676611737
0.right - 2.left,0.48853874,0.3749408146767149,1.0,0.3836227925604675,0.3018922624154964,0.47884156678304524
0.bottom - 2.top,0.3504435,0.2722718123607332,1.0,0.38235384434133196,0.2713889697261314,0.36879422598643724
0.right - 3.left,0.2985761,0.30229022243419656,0.9351727660536231,0.2780592806895443,0.34104498522448135,0.3339983778742588
0.bottom - 3.top,0.27509338,0.35477943398712075,0.987684456060362,0.4320958228602897,0.3053016375560069,0.32956248772613117
0.right - 4.left,0.5679038,0.29723581930594134,0.8859320044324537,0.3837995674151409,0.21561785186358917,0.51230461739932
0.bottom - 4.top,0.3439776,0.5442067023678455,0.9719260622274264,0.4163474383164958,0.32085216511569925,0.3967038790305707
0.right - 5.left,0.12343604,0.399468838658415,1.0,0.4037702767179897,0.33506279928505467,0.23004690272837952
0.bottom - 5.top,0.26071426,0.46930092563975073,0.9703982277705736,0.3108653836322981,0.3457381885502296,0.32806706695519083
0.right - 6.left,0.55291784,0.37106509353696226,1.0,0.3581866219632337,0.3279357330764654,0.524851906387602
0.bottom - 6.top,0.28011206,0.15334708117618304,0.9909000369249371,0.37402715110355195,0.35338432994186597,0.3149979350997543
0.right - 7.left,0.51183474,0.33168826318244243,0.9566545779596666,0.4046388305351451,0.3793669900421203,0.4974545201547744
0.bottom - 7.top,0.33720824,0.4261308388248427,1.0,0.44002010674564895,0.33038547527579487,0.383698399643884
0.right - 8.left,0.3173903,0.3176769738901581,0.9490491089831697,0.48952369434501675,0.4413872991518912,0.3700082665281933
0.bottom - 8.top,0.31367883,0.5334073943315522,0.9985095803148502,0.38985654031886424,0.29741040163201854,0.3720752672314745
0.right - 9.left,0.28853872,0.37803960489220334,0.9046080827471976,0.35220490124129417,0.33737931536054605,0.33635964517329264
0.bottom - 9.top,0.32689074,0.430520251752864,0.9943813755892141,0.4155318684438397,0.3389231921472257,0.37626351938424896
0.right - 10.left,0.3080299,0.2954833752044393,1.0,0.41375080212128323,0.35737631396071035,0.3515944290846443
0.bottom - 10.top,0.2941877,0.443011776297934,0.79860778131174,0.3302624318782018,0.1886204505505379,0.3255381137354652
0.right - 11.left,0.56748366,0.2767437338775407,1.0,0.3886934482064174,0.29594246657833095,0.5239418450262511
0.bottom - 11.top,0.39932305,0.32706750803655216,0.9068374632727301,0.41434127038685503,0.32329316000287295,0.410621117950728
0.right - 12.left,0.5809757,0.44868833877605496,0.9431978703857264,0.38856150063223005,0.2256397305941809,0.5407037734298922
0.bottom - 12.top,0.39467788,0.4925132418474658,1.0,0.41098211018292113,0.31715751555215754,0.4277906835264827
0.right - 13.left,0.5117647,0.3579622321173554,0.9878678143617339,0.39440810843585883,0.32175587001594474,0.49532090594045936
0.bottom - 13.top,0.27913165,0.321130841838664,0.9065649639341594,0.362723784439866,0.29904206429273705,0.3208738747384225
0.right - 14.left,0.38433707,0.34072215832525343,1.0,0.22043111384870193,0.2989321779056805,0.394022924717445
0.bottom - 14.top,0.21755368,0.16983030513209998,0.9102008621996126,0.46341112549654945,0.36310939762031935,0.27426214228234924
0.right - 15.left,0.2622549,0.29122634644859946,0.9858997085041656,0.21912510707153598,0.3407147508760944,0.307023767216386
0.bottom - 15.top,0.30030343,0.4041095029013903,0.9065319920956676,0.34926976203575083,0.3400948325497209,0.3474229158468283
1.right - 0.left,0.09701213,0.2512129252681366,0.9191739904252921,0.19952404796146977,0.24609809093796972,0.1735744917539647
1.bottom - 0.top,0.2573296,0.09095243216097497,1.0,0.28242679294122286,0.38971585389893354,0.2923188883916018
1.right - 2.left,0.21839403,0.1359756491325402,1.0,0.38327568238404675,0.22757303311564497,0.2583944632056084
1.bottom - 2.top,0.26568627,0.42468727588532373,1.0,0.3482319030083587,0.3156486949228458,0.3274255867138475
1.right - 3.left,0.07857143,0.1665633490291285,0.8664808222362193,0.24159325200328793,0.3312575504621855,0.16018579336308356
1.bottom - 3.top,0.20121382,0.4089360126778668,1.0,0.5622411274801014,0.3414956975837278,0.29400490710864535
1.right - 4.left,0.29775912,0.2663883844873974,0.8289439327329748,0.3796549396145619,0.2403030671436219,0.31953046678741387
1.bottom - 4.top,0.29003268,0.29609165854420877,1.0,0.2775109426086931,0.28076939402981244,0.32458453473017534
1.right - 5.left,0.2676704,0.45343913682390935,1.0,0.3500835405555542,0.33088950739846174,0.3333063135628612
1.bottom - 5.top,0.15499534,0.30722079849025874,1.0,0.39342278788983237,0.344338719832488,0.24332382423658147
1.right - 6.left,0.2827731,0.26433650683838766,0.9657199779370043,0.36038276176990847,0.24709681754029497,0.315389638565937
1.bottom - 6.top,0.26108775,0.4797428756251532,1.0,0.4688362103368825,0.3831108373203529,0.34248859765059
1.right - 7.left,0.24169001,0.2875343414533795,0.8928781588479664,0.40012139288574816,0.40195391857446505,0.3027818045116733
1.bottom - 7.top,0.2205649,0.31084938092103537,1.0,0.39664178401741274,0.3874033026655707,0.29405278883966735
1.right - 8.left,0.18020542,0.2298944023580889,0.8763352165331073,0.4785624848876217,0.39993501849151425,0.25687162538807534
1.bottom - 8.top,0.17803456,0.2758052941878252,1.0,0.4933483306618835,0.2570267622316894,0.2525748148897368
1.right - 9.left,0.14845939,0.16818859648039772,0.840129568909392,0.33627880984961456,0.2430093959116788,0.20386178806098137
1.bottom - 9.top,0.22999534,0.21095457478106236,1.0,0.3305766836777265,0.3159904605853574,0.28022007281650607
1.right - 10.left,0.14913632,0.3096746479775685,0.9483746047704515,0.3749103979785364,0.3343646947729682,0.23496360377171022
1.bottom - 10.top,0.21475257,0.2612778344742726,0.9654747239100432,0.4030282788333912,0.3453980805873458,0.2794195449699403
1.right - 11.left,0.29733893,0.15881900609631452,0.9698201728498116,0.3845028195803122,0.2524160109677896,0.3169768953140464
1.bottom - 11.top,0.30382818,0.28294512641957353,1.0,0.35546472235631543,0.3214609034967374,0.34089356797507037
1.right - 12.left,0.31083098,0.5395846834850342,0.8840986061716426,0.3867615560683497,0.2714198559534034,0.362225151413601
1.bottom - 12.top,0.2995098,0.22599572299951418,1.0,0.3590542383902885,0.36220278671887973,0.33642941239487095
1.right - 13.left,0.24316059,0.24838619555239244,0.9200254086413113,0.380069428547751,0.292722849617605,0.2893280642174105
1.bottom - 13.top,0.226634,0.3958572152381532,1.0,0.45392077001528497,0.314764897631247,0.3024020468276899
1.right - 14.left,0.14472456,0.40680100821682263,1.0,0.22184392226666683,0.35284647259725027,0.23836413514942584
1.bottom - 14.top,0.25954714,0.44895967238119544,1.0,0.37510879134097846,0.32346246950568674,0.32768065765817245
1.right - 15.left,0.17745098,0.2393778257420953,0.9199378342589939,0.2504725222700255,0.2644928998049059,0.2331232752122935
1.bottom - 15.top,0.3701681,0.305300303353939,1.0,0.5096231402468451,0.3461883920170757,0.39974768945609046
2.right - 0.left,0.15448178,0.14127426156439238,0.9253125404138524,0.5322812574822222,0.3150924910520412,0.2266536151030413
2.bottom - 0.top,0.24656862,0.3831614650832104,1.0,0.4603313284794067,0.2740554697452626,0.31133629405026547
2.right - 1.left,0.32728758,0.08145662214835041,1.0,0.16254138517248592,0.2502102028237632,0.32039505199539864
2.bottom - 1.top,0.37453315,0.5151520291302762,0.8504043133838587,0.43460793943888504,0.2982291399834912,0.4077619351666039
2.right - 3.left,0.18720822,0.2028476967630423,0.8626148172538722,0.4809967393635531,0.34738722106724756,0.2532498283381129
2.bottom - 3.top,0.19479458,0.4260555073153308,1.0,0.4501206996532985,0.29171978689055195,0.28063976915140687
2.right - 4.left,0.25648928,0.3656270578443231,0.8307134020130693,0.31095740590715026,0.21920950419828936,0.29510969340069493
2.bottom - 4.top,0.18716152,0.5175271157214976,0.9790946014365696,0.39525124893305086,0.3258058522810437,0.2840636548952885
2.right - 5.left,0.29530814,0.5980079282159033,1.0,0.5138212533596703,0.3077018556361888,0.37297774406375184
2.bottom - 5.top,0.20086367,0.40506278505338067,0.9904448095278111,0.31907233902716353,0.37061356709633236,0.2836480631507233
2.right - 6.left,0.23655462,0.2088303460904586,0.9614001428776802,0.3605785747179415,0.28039785610467627,0.2806099859939326
2.bottom - 6.top,0.17759103,0.39210234883354633,0.9975968704994508,0.30732565900745223,0.3334629730263534,0.26211637823197187
2.right - 7.left,0.21311858,0.3283407403469332,0.891261799538364,0.28865802324544537,0.4051309736920118,0.2815261676376132
2.bottom - 7.top,0.14481792,0.46392498276309657,1.0,0.3556020231750886,0.29733147677534494,0.24527828710969937
2.right - 8.left,0.317507,0.20079948062161315,0.8775018429484371,0.31791051346822957,0.4109171215955706,0.34319718016695666
2.bottom - 8.top,0.17917834,0.45084254031976356,1.0,0.4106906931371879,0.3202741421562429,0.2730710350100966
2.right - 9.left,0.2987395,0.2659861018022278,0.8324124607255678,0.43638234595992914,0.2986415348813672,0.3290201400871909
2.bottom - 9.top,0.15182073,0.40214202822168327,1.0,0.41058037744410314,0.31252548529468444,0.24827028561423808
2.right - 10.left,0.095308125,0.34534520159824417,0.9449947498158203,0.3191370851869854,0.3150979144792641,0.19596659087124257
2.bottom - 10.top,0.1469888,0.38468791228386034,0.7849312400259776,0.34208596245219164,0.2660137221214527,0.2243131765295086
2.right - 11.left,0.25270775,0.18142779040577178,0.9724961846616755,0.31001635072542216,0.2649203677910123,0.28565586731265846
2.bottom - 11.top,0.21458916,0.26844685447267636,0.9133973511043799,0.4114286502894606,0.3340219330865992,0.27670058593774116
2.right - 12.left,0.2662932,0.6664710678837354,0.8797157895322979,0.3096663179790343,0.23111678542155753,0.33563313219550633
2.bottom - 12.top,0.2089169,0.4668128931547446,1.0,0.41213375537012586,0.30219608828556427,0.29374941471178495
2.right - 13.left,0.19918302,0.13344635555558357,0.9208553562083728,0.2849119901830501,0.24862650875833048,0.23792376268155033
2.bottom - 13.top,0.22941177,0.034046870388316275,0.9193810300273714,0.29110806507791437,0.3144981045594277,0.2559671869130483
2.right - 14.left,0.11643324,0.510544775193132,1.0,0.5117378835374911,0.2693363870403823,0.23507827500622494
2.bottom - 14.top,0.30070028,0.428458222094414,0.9217811217731029,0.3997459067702146,0.38952855456047863,0.35836522603593823
2.right - 15.left,0.17404294,0.3605790322299519,0.9194335210381084,0.47537388223100113,0.29674368468009743,0.2573026954819514
2.bottom - 15.top,0.44222692,0.2973981424623992,0.9024310643236892,0.31912580778165556,0.32088509444383534,0.43246500590177145
3.right - 0.left,0.22117181,0.2911052183193539,0.903224444270011,0.40836675712667775,0.3611349128372319,0.2856238365712657
3.bottom - 0.top,0.16545284,0.21429467885143638,1.0,0.46239513762298645,0.34091654610674577,0.2444578674279052
3.right - 1.left,0.21447246,0.28511605696206155,1.0,0.2249336118944948,0.3349602713787641,0.2733850323752642
3.bottom - 1.top,0.22619046,0.2864585968460435,0.8879698945136315,0.43609338421184396,0.3265305011170907,0.28583539017793785
3.right - 2.left,0.06188142,0.2355450828799697,1.0,0.0709511171598325,0.28491678242963037,0.14891073625134216
3.bottom - 2.top,0.2981326,0.4798074874962559,1.0,0.3052434464219487,0.3053131156847663,0.3524670515192808
3.right - 4.left,0.051844068,0.2990943501840448,0.8061701539300115,0.06340959310516042,0.38113176856019154,0.1477924459912236
3.bottom - 4.top,0.29339403,0.26643792696931834,1.0,0.37442915714974134,0.32292178038493097,0.3330332489912427
3.right - 5.left,0.4980859,0.6014757543082335,1.0,0.34624645676501364,0.40622432631577965,0.5167424423279592
3.bottom - 5.top,0.22394958,0.10747345949348767,1.0,0.31250655586107523,0.3386021173597064,0.26699758648716987
3.right - 6.left,0.04516807,0.13489882303165524,0.9393490145863891,0.1093786856326023,0.377897388211539,0.13533365503482422
3.bottom - 6.top,0.24143323,0.5286048512633557,1.0,0.28451872768493275,0.34348928319803074,0.32043861294626813
3.right - 7.left,0.04400093,0.22370867095376806,0.8651073012258222,0.06441771825717064,0.37361300530756086,0.13700907035919177
3.bottom - 7.top,0.26169467,0.3475752231174623,1.0,0.38191831078802263,0.41599576697463164,0.3286392773946036
3.right - 8.left,0.23830532,0.2107022830761203,0.8593465053952255,0.23038852211331542,0.4562543066801504,0.2879961266434354
3.bottom - 8.top,0.18629785,0.29224125865895695,1.0,0.31245843887231783,0.32430275857903584,0.25768581933201173
3.right - 9.left,0.26015407,0.25796542405491385,0.8160452049925317,0.2481348978139743,0.41069697862747906,0.30218309631779766
3.bottom - 9.top,0.29007936,0.23894716202514812,1.0,0.3544520129196575,0.34870448081800237,0.3295433106179734
3.right - 10.left,0.24341737,0.26753881444977534,0.9200667882908674,0.23883835161108286,0.3949034347153078,0.29458163755888367
3.bottom - 10.top,0.28870216,0.2841042863986887,0.8316320387840126,0.227700971745109,0.3598515330768172,0.3194537475382462
3.right - 11.left,0.053851537,0.2285682098516555,0.9482051396541004,0.06343401287183827,0.35731600345621695,0.14686645365147924
3.bottom - 11.top,0.3484127,0.4028206012698134,0.9531364018047568,0.3375456014884647,0.32132318642719987,0.38083736371715354
3.right - 12.left,0.06146125,0.6163087053675446,0.8656848804950756,0.06408631609383214,0.3830796655059137,0.18945027165953757
3.bottom - 12.top,0.34437442,0.29967924087736403,1.0,0.3374577312571314,0.32003756724151333,0.36990665717557897
3.right - 13.left,0.02273576,0.24557095992817005,0.8869382090274116,0.08455768686771997,0.3048519546140907,0.11953211686252427
3.bottom - 13.top,0.19516806,0.4274641959001948,0.956255778325664,0.3315228291646511,0.351204057729742,0.27887340135880917
3.right - 14.left,0.15245098,0.5102129156429344,0.9788884202855136,0.3274294860533042,0.2884402181992525,0.25189689532044135
3.bottom - 14.top,0.2669701,0.5453256132885054,0.9592577068263134,0.37967909368931935,0.3721139235399414,0.34556986232167863
3.right - 15.left,0.35151726,0.3300228772219793,0.8814302507546316,0.2974449705973101,0.30610289829448917,0.368618423651707
3.bottom - 15.top,0.36475256,0.28706262491560613,0.9528072752571615,0.2882244148562992,0.44330820999117126,0.3904154456929603
4.right - 0.left,0.17938843,0.2984280306156634,0.8492997380542052,0.317141451197657,0.21233772996449055,0.2349705420872284
4.bottom - 0.top,0.41535947,0.26680668413421676,0.9348700958046372,0.28343492346881816,0.3126599415687525,0.4096135495622595
4.right - 1.left,0.29547152,0.3261729763586026,1.0,0.38923360580186883,0.3329240727787635,0.34220143972539074
4.bottom - 1.top,0.562465,0.03759373777640907,0.7425757063782842,0.24110171749088563,0.289521376874762,0.47562089707050187
4.right - 2.left,0.24894959,0.1962967551599655,1.0,0.21912878152610385,0.178926338381536,0.27274346255227383
4.bottom - 2.top,0.3279645,0.5689144719895667,0.9701919467713044,0.218359976555737,0.2780688268974826,0.3737010832205843
4.right - 3.left,0.1629085,0.21907924110361343,0.791381463043152,0.26782460976436634,0.3429252408245222,0.2231966934935937
4.bottom - 3.top,0.27558357,0.3033407478676692,0.9170724485656992,0.5141928515339254,0.2714160369223326,0.321947439148578
4.right - 5.left,0.29887956,0.407575350660803,0.9867753873022892,0.3547428884977937,0.33047998455566746,0.3500971330368633
4.bottom - 5.top,0.22679739,0.28275005890167604,0.8816152607385996,0.3483526134548483,0.34899435931307876,0.2834309989832963
4.right - 6.left,0.31216154,0.2579690534412381,0.8915707268927615,0.20734567550806365,0.29144304641955304,0.32840010164313826
4.bottom - 6.top,0.36874416,0.5543612393881823,0.8910053442742192,0.4313584936578645,0.32856531499906927,0.4125317715697196
4.right - 7.left,0.2787815,0.16737069655896883,0.8122247968295886,0.23943258670837064,0.389227344817783,0.30338972572183787
4.bottom - 7.top,0.27677402,0.18692086236620511,0.9485310189921354,0.3819443981671065,0.3737888151612808,0.3163365519127508
4.right - 8.left,0.2871382,0.23157766691232062,0.8087362965415593,0.32701623950530495,0.3978652739848106,0.3207286476433838
4.bottom - 8.top,0.28601775,0.1456616791425807,0.9014509493852833,0.4621430849920798,0.3055416942712658,0.3135124580933033
4.right - 9.left,0.2702381,0.10745687092115404,0.7613019446913746,0.2818863342250622,0.3082478490203638,0.2828965510171831
4.bottom - 9.top,0.2721055,0.16360161303274154,0.9049587366425623,0.2041186617837801,0.25928325070296515,0.2882161959355052
4.right - 10.left,0.13926238,0.2410133798066529,0.8698909306888589,0.30121638672286455,0.29992527063482943,0.2101328956657873
4.bottom - 10.top,0.20718953,0.18789478534955337,0.6902697839484457,0.30501140605186,0.2843046417520024,0.2420166762843438
4.right - 11.left,0.3271942,0.1793203897092185,0.8949241345146567,0.2358668351946573,0.3017989543840361,0.3336874266413579
4.bottom - 11.top,0.33688143,0.45019813771709244,0.8145075388107761,0.21243054417011678,0.3630791880836685,0.3684916369990106
4.right - 12.left,0.3419001,0.45819797688216996,0.8097016339749337,0.23194826125596646,0.2692210600104578,0.36415446668143675
4.bottom - 12.top,0.33195612,0.3305618745812254,0.9752130607976962,0.21587699209751696,0.29561418569969944,0.3545413825738389
4.right - 13.left,0.27492997,0.30570357482994104,0.8441403110014677,0.2586623553735335,0.3011815346766857,0.3082796146807134
4.bottom - 13.top,0.37079832,0.5181395334068856,0.8119200162341588,0.41525755492741917,0.30495873407436613,0.40322753199115585
4.right - 14.left,0.15838002,0.3459214667132685,0.9292555086550484,0.20259079853254539,0.3221639617605881,0.23426686839582175
4.bottom - 14.top,0.34302053,0.5395912325583114,0.8330395121778404,0.41410770096262894,0.39209610280954443,0.39564045524155383
4.right - 15.left,0.12140523,0.15460128528161504,0.8393105351484998,0.15896278066030792,0.30546799062349494,0.180904255151772
4.bottom - 15.top,0.34136322,0.4546020196600847,0.7971871129833724,0.4894700274579487,0.31624107916928934,0.3803714129491624
5.right - 0.left,0.19563493,0.26092312732716233,0.9441180418392197,0.3853397456575285,0.3220600441565403,0.2617156495106497
5.bottom - 0.top,0.37196544,0.30737147242704566,1.0,0.5079616460616334,0.3337538725244766,0.3998864145467995
5.right - 1.left,0.29817927,0.28222455766256777,1.0,0.3353617685470324,0.32763020104699925,0.33647904652372645
5.bottom - 1.top,0.3475957,0.509812205243642,0.8375659660135468,0.5116461950216034,0.3189843348624542,0.39365724027853843
5.right - 2.left,0.24932307,0.15491706806019592,1.0,0.17759064705963207,0.23816321634478343,0.2727137008872829
5.bottom - 2.top,0.5919001,0.3038149015853144,1.0,0.4380170130905623,0.332452921331613,0.5498576981966176
5.right - 3.left,0.17836134,0.12914226022393016,0.8844410207125561,0.23034659005848795,0.3383179913801473,0.22733834613913786
5.bottom - 3.top,0.3860644,0.5334131052532466,1.0,0.38669426901293424,0.293735848450192,0.4222946840468206
5.right - 4.left,0.28639123,0.19054513415744576,0.8551853557182377,0.1785276284386217,0.33648396984042117,0.30486241951382625
5.bottom - 4.top,0.5883754,0.4839853763849434,0.9725621728382092,0.46879118163605576,0.33624251443127934,0.5659532175875774
5.right - 6.left,0.27261907,0.2423063007564269,0.9846560610187186,0.18750131952502122,0.33290496167743816,0.3069623403261536
5.bottom - 6.top,0.4961718,0.4487411494882677,0.9945544887568374,0.3100543696663493,0.3565231119612978,0.493077127683517
5.right - 7.left,0.25613913,0.20354006447507197,0.9181350154320493,0.18040748402952475,0.3855318753166954,0.2931317065522005
5.bottom - 7.top,0.5548553,0.4880201947263227,1.0,0.4260502233921156,0.35736482966423894,0.5442397205216563
5.right - 8.left,0.2937675,0.14382589107653318,0.9015477787695392,0.35495603390762354,0.4229626601722613,0.3251413070302144
5.bottom - 8.top,0.4722222,0.46964081629957977,1.0,0.3687604343072284,0.3291352785258469,0.4788711596002325
5.right - 9.left,0.28158265,0.1637744873963527,0.8541773012766303,0.1855289102026692,0.33749956551366556,0.2992205673702463
5.bottom - 9.top,0.564986,0.4022059351369859,0.9980264403492559,0.4862710961913837,0.3444599427296048,0.5443716639411599
5.right - 10.left,0.112791784,0.19777552026353948,0.9697993711859848,0.2764874189184919,0.3796683534021059,0.199012976492226
5.bottom - 10.top,0.50193745,0.42335246998069104,0.7852525776641209,0.3755710652338695,0.3348196417178044,0.48521460163918145
5.right - 11.left,0.28937906,0.1413678860799651,0.9921773046960496,0.17567632328368335,0.3353778033987978,0.3086325925347444
5.bottom - 11.top,0.6438609,0.29895512333831437,0.9082803039606784,0.48258510577354974,0.37949492715691346,0.5880908831679176
5.right - 12.left,0.29750234,0.4881999783832269,0.9062775809168114,0.18011777809293447,0.3448909196361592,0.3458804979530408
5.bottom - 12.top,0.6392157,0.3086354458697468,1.0,0.4831113395275607,0.3234222275403833,0.5848123297626424
5.right - 13.left,0.23426704,0.2396540095593936,0.938804603518144,0.17225073577103012,0.3043263885741513,0.273937728088238
5.bottom - 13.top,0.4436041,0.3352483069201594,0.903620099737824,0.3340860008278122,0.3307041285395256,0.43900343270472825
5.right - 14.left,0.12159197,0.34899354319233755,1.0,0.2777080373369505,0.3231163258425158,0.2162107635271459
5.bottom - 14.top,0.2990196,0.47033963203340545,0.905066913551184,0.40771977665502085,0.40065293086131,0.3620523112644882
5.right - 15.left,0.15170401,0.18695048625375404,0.9393370533698389,0.27220422917364645,0.3161469686011122,0.21707961448565055
5.bottom - 15.top,0.2027311,0.1545969661506754,0.9029005324167784,0.273522227606328,0.2092594822035877,0.23711855771031515
6.right - 0.left,0.1480859,0.5736722337659994,1.0,0.1983684939371043,0.30574832984773775,0.25152061751948684
6.bottom - 0.top,0.3152194,0.4269083048223123,1.0,0.32647549835514805,0.3324857932918383,0.3629167633682029
6.right - 1.left,0.1259337,0.6105178526982067,1.0,0.5235261590691369,0.26863185665238504,0.25224487213068447
6.bottom - 1.top,0.3343604,0.5985752194669627,1.0,0.20970594000022896,0.31152977988391517,0.38554806758596283
6.right - 2.left,0.11732026,0.5253237847326911,1.0,0.34603591081239626,0.30991699563473796,0.23295005466914817
6.bottom - 2.top,0.050420165,0.22456582213542553,1.0,0.18065369180854343,0.26632915903669124,0.14341629825100433
6.right - 3.left,0.13394025,0.46740127615233484,0.9837814319340069,0.17792448706313316,0.35919754495328315,0.23450335134733363
6.bottom - 3.top,0.26872084,0.4795052545489268,1.0,0.4234231459707344,0.31705156482138536,0.3389314240486859
6.right - 4.left,0.1840336,0.39375393651588086,0.9390875951588429,0.3371059839717115,0.28800900078941516,0.2608094914401091
6.bottom - 4.top,0.059220355,0.6007547111759179,1.0,0.12076394157918617,0.35755399192617154,0.19332331551948978
6.right - 5.left,0.36174136,0.2736961930475917,1.0,0.30188457658022183,0.29452754830608613,0.3751355518054738
6.bottom - 5.top,0.32978526,0.45782461898458854,1.0,0.29118314611009377,0.380421568554533,0.37923345934417635
6.right - 7.left,0.13930906,0.44844423276853157,1.0,0.3605021930239441,0.29481142854056713,0.23986701877965805
6.bottom - 7.top,0.086391225,0.5346938028545123,1.0,0.3403679592654717,0.3511289679811265,0.21607453063169732
6.right - 8.left,0.120681606,0.5035515109877501,0.9957967872887997,0.450027584838336,0.3222690397734439,0.23935040028083435
6.bottom - 8.top,0.17864145,0.5794685688290583,1.0,0.42297718843250637,0.35776154733202625,0.28992088095690033
6.right - 9.left,0.15014005,0.4758418237886961,0.9500933480364062,0.3019217040302413,0.33402699996732516,0.24868566644017337
6.bottom - 9.top,0.07392624,0.4784846696768164,1.0,0.038383504046900496,0.34585658914732137,0.1861016699738522
6.right - 10.left,0.22238562,0.45818773443834987,1.0,0.3646553106104693,0.25809576048719046,0.29553104262012336
6.bottom - 10.top,0.14028946,0.4898962111182094,1.0,0.2461114313916844,0.18082037089455025,0.22757984574719384
6.right - 11.left,0.18328664,0.44757788097636525,1.0,0.3396338879966171,0.2700526529375083,0.26704538479797785
6.bottom - 11.top,0.014052288,0.33961081678439387,1.0,0.0417453347337947,0.34985444629912754,0.13087039413845333
6.right - 12.left,0.19696544,0.29112030399155464,1.0,0.3439484393845062,0.31526753564844795,0.26571201619876667
6.bottom - 12.top,0.025093371,0.5140499180355956,1.0,0.04729029971313429,0.325734343354979,0.1539083014175065
6.right - 13.left,0.14470123,0.5472088686195635,1.0,0.34025834226829477,0.31574526083834714,0.25459918934122255
6.bottom - 13.top,0.20814659,0.2564139024065776,1.0,0.3892094159662212,0.30718421625974063,0.27152289804523005
6.right - 14.left,0.18286647,0.23363350514764808,1.0,0.1983861191599439,0.3356889017808578,0.2448580794391245
6.bottom - 14.top,0.4078198,0.32848452003584405,1.0,0.3892182522190683,0.3761323036573808,0.42539644832996154
6.right - 15.left,0.2834267,0.3545123618369689,1.0,0.22671541725321936,0.2724332361695117,0.322429025059328
6.bottom - 15.top,0.6392624,0.3521072793773078,1.0,0.47168228846834515,0.36589310526700963,0.5928678116784374
7.right - 0.left,0.18265639,0.35166515624204886,1.0,0.4017103940156984,0.2844039739177727,0.2615519059452217
7.bottom - 0.top,0.1872549,0.21779920462196461,1.0,0.44693165726851336,0.3112060011764924,0.2563255404139821
7.right - 1.left,0.17222223,0.3924853397765971,1.0,0.2237686989635723,0.3814878871861662,0.2591413149550361
7.bottom - 1.top,0.28935573,0.182273458121549,0.9499495192495454,0.4390590196597291,0.35490601244645426,0.32571738451747706
7.right - 2.left,0.035504203,0.3050254442839712,1.0,0.06237868077783699,0.29455171822039566,0.13792959296468066
7.bottom - 2.top,0.15056022,0.5039042801444091,1.0,0.36581359198136454,0.3270164515963725,0.2567749033540294
7.right - 3.left,0.19157329,0.25446724465787096,1.0,0.2812086128107589,0.34685405069754527,0.25829386160773543
7.bottom - 3.top,0.12885155,0.33333032173497884,1.0,0.30598475221442656,0.3563235430209396,0.22446070459216114
7.right - 4.left,0.09045284,0.3006874303328855,0.9583254692066503,0.06719985156087271,0.30161412102400886,0.17482340713884068
7.bottom - 4.top,0.16388889,0.15384128792308213,1.0,0.40594287888818964,0.3980872819195713,0.24021222301844228
7.right - 5.left,0.45611578,0.39144237291930206,1.0,0.35075553003536925,0.26856552092601005,0.45281960750846156
7.bottom - 5.top,0.18646125,0.296464037894787,1.0,0.2915562019684806,0.3711336453800469,0.2618604554038279
7.right - 6.left,0.074206345,0.397741895461706,1.0,0.10718653451177,0.27955605498069275,0.17503356386320074
7.bottom - 6.top,0.15978059,0.5462280234726579,1.0,0.329770944098374,0.4095061408372638,0.27390837337397467
7.right - 8.left,0.19586836,0.29995326673230777,1.0,0.22964660126106018,0.3410333797284376,0.2626888438302213
7.bottom - 8.top,0.08027544,0.052196368956166216,1.0,0.17357619998137844,0.3049621370210761,0.15058746845001506
7.right - 9.left,0.21916434,0.3278558891730293,0.9614504600261028,0.26036791600000336,0.3434677172841505,0.28163831862873256
7.bottom - 9.top,0.14675537,0.14035442177698698,1.0,0.4182688548577612,0.3447069609794319,0.22214833530052763
7.right - 10.left,0.2044351,0.28260218459755876,1.0,0.23085788537047985,0.3277697233057738,0.2656846531826747
7.bottom - 10.top,0.18860878,0.13206053188876643,0.8903119911946614,0.35093102174387103,0.37948209850988496,0.24524256450943122
7.right - 11.left,0.08886555,0.28321077248088267,1.0,0.07186106275080327,0.23866419698341584,0.16798643468961616
7.bottom - 11.top,0.19084968,0.3842379154376346,1.0,0.4205211822041546,0.346128710190344,0.277657487932199
7.right - 12.left,0.103338,0.4499757113319355,1.0,0.0686839844119499,0.33067204759088886,0.20383557434364624
7.bottom - 12.top,0.18667133,0.3198802178140097,1.0,0.41016457266798395,0.39365568742455836,0.2725317556949986
7.right - 13.left,0.042717088,0.3407263893773713,1.0,0.10978399525463131,0.3270945311344362,0.15217325267857543
7.bottom - 13.top,0.18373016,0.4318545300443352,1.0,0.4003927702620591,0.33824912772599514,0.2756411069903695
7.right - 14.left,0.12966853,0.2845027932576297,1.0,0.32194387576065614,0.3877704148033747,0.22409248676543989
7.bottom - 14.top,0.31323528,0.5439479071798504,1.0,0.3914490977868956,0.3335233510035938,0.3765842817164859
7.right - 15.left,0.3093137,0.2627891670484238,1.0,0.292943973010132,0.3760019956916945,0.3450459091170233
7.bottom - 15.top,0.47469655,0.39467902863719645,1.0,0.36666292612107526,0.35696935702778293,0.4757855646474083
8.right - 0.left,0.21045752,0.16664729550561824,1.0,0.3554922340358774,0.32622588874314673,0.26438218576383926
8.bottom - 0.top,0.22567694,0.21448609739653565,0.9219223576229071,0.39963649232802045,0.30953242496096156,0.2764536504671676
8.right - 1.left,0.18433706,0.18860187514190208,1.0,0.29459934910609126,0.26236013231173744,0.23886211790769976
8.bottom - 1.top,0.21895425,0.25638926542874046,0.7319094515872034,0.31281107064254965,0.20610523964169372,0.2517534562404183
8.right - 2.left,0.029878618,0.21062146598652967,1.0,0.13572475839430917,0.31050750737583843,0.12981416855170289
8.bottom - 2.top,0.114285715,0.4403970432752678,0.9545730695332694,0.24707902153884656,0.1850970211503863,0.20263200920803184
8.right - 3.left,0.21704015,0.2657514223354743,1.0,0.27628568929179376,0.32468982505597904,0.27478650621339384
8.bottom - 3.top,0.26255834,0.2919655216951674,0.900497524493714,0.30791462917970275,0.2162223587990141,0.2950302284910388
8.right - 4.left,0.06489262,0.3597626300797765,1.0,0.13432224077055982,0.3138588278980394,0.16950309173008554
8.bottom - 4.top,0.09236695,0.2142653661927146,0.8635834938264966,0.24726529740499928,0.26811174149594086,0.1684370114568632
8.right - 5.left,0.48349673,0.6116899412680691,1.0,0.3258014936000549,0.356637468709077,0.5015705056877882
8.bottom - 5.top,0.2789916,0.2805532086542503,0.884660131838044,0.24158032375418464,0.3904210743870937,0.31870357795199383
8.right - 6.left,0.047058824,0.19801810683406545,1.0,0.13922337905543938,0.2601765383369084,0.1357218109572427
8.bottom - 6.top,0.09745565,0.466038299024529,0.8812131175100822,0.24079229101648889,0.30486774329328,0.20140982856559925
8.right - 7.left,0.03207283,0.30623353763313405,1.0,0.13448401553669717,0.3515197206862544,0.14495050827045108
8.bottom - 7.top,0.14941643,0.22722082702477955,0.9465454801654374,0.32140846658508765,0.3763342398357541,0.22834470776293658
8.right - 9.left,0.24388422,0.2970032174039136,1.0,0.26073773780787046,0.3073029514118579,0.2941864567853908
8.bottom - 9.top,0.16197479,0.11256374371411315,0.9024201093583937,0.2337855302661409,0.2987009191245507,0.21131909519321276
8.right - 10.left,0.23078898,0.3235572618103867,1.0,0.22110195084050613,0.2946101361525795,0.2844241175259287
8.bottom - 10.top,0.22376284,0.0954812412082571,0.6871620977253403,0.2427202794898807,0.2031186134355275,0.2329880923479438
8.right - 11.left,0.061951447,0.1928930732073563,1.0,0.13224212121878676,0.29533819009235907,0.14880124362304858
8.bottom - 11.top,0.1464986,0.39600813521393774,0.8221948265175147,0.22832876499746263,0.3109904711059802,0.22577506413399875
8.right - 12.left,0.07815126,0.6470551103002583,1.0,0.13741464577506132,0.3403694521012297,0.2103190728365248
8.bottom - 12.top,0.15319794,0.36107437191188474,0.9820269763923328,0.2243166983856128,0.29203768417414455,0.2328669502624935
8.right - 13.left,0.0479225,0.12351598150999565,1.0,0.15581750487868018,0.2621771169853738,0.1299059324928011
8.bottom - 13.top,0.14932306,0.3773255351285258,0.8053015212657417,0.36043202941543784,0.2539574944458386,0.22594112028727562
8.right - 14.left,0.14901961,0.48232631699674633,1.0,0.28711292582594233,0.2870791061665097,0.2456099198011652
8.bottom - 14.top,0.31916434,0.4973902908466201,0.8182196739809408,0.32868854752666327,0.35761398653176046,0.3662608708423702
8.right - 15.left,0.33758172,0.3632757987819198,1.0,0.24012986573789705,0.2245452644493656,0.3570958033797072
8.bottom - 15.top,0.5037348,0.3420232831431396,0.8054787052236139,0.38560317987458453,0.315098583194221,0.4778806538573197
9.right - 0.left,0.26339868,0.1504099827938323,0.7642586312805357,0.3695399418716891,0.2946306719179147,0.28557306512602415
9.bottom - 0.top,0.19516806,0.419625601000544,1.0,0.5369255557930832,0.31312128576719095,0.2867386120877274
9.right - 1.left,0.24428105,0.17624128041013504,0.9238182976299626,0.27040431640575435,0.2865575624920983,0.276987755452405
9.bottom - 1.top,0.26402894,0.31524585237667285,0.9664670193205149,0.5177431123046422,0.23675866400347162,0.3142312078959767
9.right - 2.left,0.078944914,0.14912818006565656,0.9206010448974501,0.037328495287206706,0.270572356797937,0.14512797127071503
9.bottom - 2.top,0.21935108,0.4921961147214628,1.0,0.38305416352458754,0.2371601605443001,0.29563408787050743
9.right - 3.left,0.27731094,0.1758365738436641,0.7108275920613709,0.23066994022682222,0.3116291011093076,0.28993909449937816
9.bottom - 3.top,0.17892157,0.06929400232789555,1.0,0.47229821220812296,0.24442658663892958,0.2302320638064051
9.right - 4.left,0.014845938,0.293155044960574,0.6980087134689472,0.02421279216208748,0.10021908550468717,0.08584064475766665
9.bottom - 4.top,0.21316527,0.37301585455726355,1.0,0.4076677747739443,0.2844330065631162,0.2853439581917615
9.right - 5.left,0.5443744,0.5259012863057416,0.9034592178896245,0.3088547486014661,0.30025502067006477,0.5242934194190163
9.bottom - 5.top,0.18349674,0.3978171545452836,1.0,0.37811696042907844,0.38322706684833574,0.2754579816285588
9.right - 6.left,0.017600374,0.2019601384766819,0.8087970973396283,0.053433359411196625,0.26948662255478895,0.10257646038931009
9.bottom - 6.top,0.15728292,0.3728437687566418,1.0,0.3427633160657489,0.34101513516971643,0.24862209778995176
9.right - 7.left,0.05550887,0.2684053417322104,0.7483707121385956,0.06063768768712147,0.35594946493721635,0.14174210898266093
9.bottom - 7.top,0.18450047,0.2306423151238375,1.0,0.303104921701606,0.3032545808535907,0.24769526670317832
9.right - 8.left,0.25023344,0.14784729329136945,0.7143424782005955,0.25466725052007005,0.3968571479046555,0.2780843337090553
9.bottom - 8.top,0.12530346,0.37296402390808897,1.0,0.28543040786616286,0.32645656770274956,0.22192600156767475
9.right - 10.left,0.28891224,0.2785090220142902,0.7864817716241486,0.2333769843123878,0.3106717818652616,0.3121495779076824
9.bottom - 10.top,0.26160133,0.29503030512051753,0.8852334250325065,0.3147919323733542,0.2428539274527691,0.2969106123817797
9.right - 11.left,0.010270775,0.1151955577430743,0.8184219907638254,0.025487190198175837,0.24904523741091109,0.08580908108428989
9.bottom - 11.top,0.2686508,0.4735743740906822,1.0,0.4054136560225024,0.3308436489521593,0.33876804509819947
9.right - 12.left,0.021195143,0.5865417900069254,0.7385487174323273,0.027885892151998222,0.12409085837707463,0.12422159536794643
9.bottom - 12.top,0.26713353,0.5214194859505771,1.0,0.39703280703238825,0.25494393642029,0.33448144741624364
9.right - 13.left,0.05707283,0.12744479321001093,0.7651797504383281,0.08231226381562605,0.2568127586329633,0.1207513376331783
9.bottom - 13.top,0.17679738,0.4542330785849326,1.0,0.4525995656159178,0.30797489983638543,0.27260893570077427
9.right - 14.left,0.1914099,0.42867127015352685,0.84422775921704,0.2691339833096956,0.3193544794393657,0.2644575971051191
9.bottom - 14.top,0.28646126,0.3937683309451101,1.0,0.45386627517385636,0.3618945144074232,0.3487824830204705
9.right - 15.left,0.3972456,0.2918814804929031,0.7583290909982027,0.2452286349743233,0.3085104565757808,0.3882889901483933
9.bottom - 15.top,0.3947946,0.5149808468541553,1.0,0.4008378528579252,0.28418496139963956,0.42631469371363706
10.right - 0.left,0.23111579,0.652446454828134,1.0,0.25743442592610133,0.3512358103847594,0.32502099063184914
10.bottom - 0.top,0.24710551,0.4592414612108639,1.0,0.3807713685000378,0.3220593461987374,0.32014250549587997
10.right - 1.left,0.2263772,0.6833138804024208,1.0,0.48093772484021785,0.2610007055284963,0.3269423891676069
10.bottom - 1.top,0.2951914,0.5149171757939854,0.9426437936445631,0.4206485549069694,0.26119143513362547,0.3524094635629097
10.right - 2.left,0.086998135,0.6139298328632747,1.0,0.3270205295623634,0.32736971796465275,0.22137967670198797
10.bottom - 2.top,0.06447245,0.326599573513773,1.0,0.30919976413077427,0.2581114264994674,0.16906180298199455
10.right - 3.left,0.22780113,0.5615337252827728,1.0,0.24311701106194383,0.29343844012288284,0.3071138500984235
10.bottom - 3.top,0.20378152,0.3296982192402373,1.0,0.35642217865670184,0.22754807012715597,0.2661927956412572
10.right - 4.left,0.06393558,0.4984420545331747,1.0,0.3278073049398643,0.2968658743063033,0.19067606189447364
10.bottom - 4.top,0.07640056,0.5209999680540164,1.0,0.378870369449119,0.30483464428135665,0.20500737389058266
10.right - 5.left,0.48678803,0.41224544153749776,1.0,0.3183015535604426,0.2509745634857449,0.4729886963272427
10.bottom - 5.top,0.27436975,0.4426440608207607,1.0,0.3427748600141752,0.3859751236952291,0.34205947800446995
10.right - 6.left,0.06342203,0.6305978382385827,1.0,0.3182438394525162,0.3085901259042907,0.20422640908722484
10.bottom - 6.top,0.16323529,0.32768846644591215,1.0,0.34027790718101086,0.3287332256807017,0.24692076885876407
10.right - 7.left,0.07294585,0.5333313975325601,1.0,0.3396880675816801,0.33706337738295866,0.20508597305565635
10.bottom - 7.top,0.10478525,0.4179562474195393,1.0,0.437233191837801,0.3583265784527655,0.22283961175481176
10.right - 8.left,0.2342437,0.5774306997827426,1.0,0.4304188589759862,0.3801103430431128,0.3312456368691412
10.bottom - 8.top,0.14610177,0.48843443750970394,1.0,0.36608042910786975,0.3422435923778754,0.25364306092343375
10.right - 9.left,0.2559524,0.58044789073691,1.0,0.2354508055657552,0.29598668164333786,0.3285826721302652
10.bottom - 9.top,0.08130252,0.4189045013617951,1.0,0.378494127333215,0.32035599197337516,0.19976252222926105
10.right - 11.left,0.06566293,0.5438942786043749,1.0,0.3293119289855347,0.27102730613669274,0.19392180223612
10.bottom - 11.top,0.084267035,0.4469613162694177,1.0,0.3700691008478617,0.32919774805830715,0.20510628606384587
10.right - 12.left,0.07387955,0.34976398161169,1.0,0.3351935596612253,0.30710164586055766,0.18416192392230074
10.bottom - 12.top,0.089098975,0.5765024381918685,1.0,0.3707093997794376,0.32826209394093836,0.22138120649096985
10.right - 13.left,0.06918767,0.620669848665107,1.0,0.31729805197513644,0.2702597387845539,0.20338923175106582
10.bottom - 13.top,0.15039682,0.2649554446847662,1.0,0.25912765837499974,0.2893010049945712,0.22365980460482338
10.right - 14.left,0.1756536,0.34287837157872975,1.0,0.19761701628956357,0.3352706101961881,0.25065326917887104
10.bottom - 14.top,0.34754902,0.42934919670388927,1.0,0.389656092654119,0.41155828839458874,0.3968578680133881
10.right - 15.left,0.3485294,0.4720501417538548,1.0,0.22447426164997145,0.3352455081107511,0.385923851017415
10.bottom - 15.top,0.5693277,0.4130101596462426,1.0,0.3264515922452351,0.33895451174999325,0.5400484273118067
11.right - 0.left,0.2572362,0.16608717416214502,0.8555463320782608,0.3793161332610288,0.2979904824176762,0.28821623766933896
11.bottom - 0.top,0.28258637,0.5266781478082179,1.0,0.34978760475790716,0.29381095264351653,0.34734874643979946
11.right - 1.left,0.23891222,0.18143788190229967,1.0,0.23971546689927326,0.3030507587144207,0.2776731858046536
11.bottom - 1.top,0.3258637,0.6513491180003355,0.9837353218371151,0.1956145018895761,0.28283860143388206,0.380490839598224
11.right - 2.left,0.07521009,0.1090122283612252,1.0,0.01839980565916116,0.2631667229878999,0.14078494706385522
11.bottom - 2.top,0.050980393,0.17502065829991506,1.0,0.21674992667875673,0.25419102165871044,0.13944493745759465
11.right - 3.left,0.27086833,0.1487869152193193,0.8130458317181578,0.24808894994556321,0.2799518326880592,0.2855384427294384
11.bottom - 3.top,0.2248366,0.48090556772564225,1.0,0.40088888646173093,0.2510385360218032,0.3006244721924142
11.right - 4.left,0.026423903,0.2849238676899086,0.784549261655006,0.027309740381094037,0.14676513198833369,0.10225858136581092
11.bottom - 4.top,0.068090566,0.6605738604506742,1.0,0.18207621713822802,0.3192923872935541,0.20475382999306863
11.right - 5.left,0.53793186,0.5053578700063391,0.9934940952587494,0.31789456250462433,0.3084340335744736,0.5235009070101355
11.bottom - 5.top,0.28338,0.5612305684593365,1.0,0.25170040234172647,0.3185418386857448,0.34892826207995414
11.right - 6.left,0.027124183,0.2117434756680383,0.8977589662706833,0.07932273949149181,0.23200800082724257,0.11221616028303194
11.bottom - 6.top,0.122852474,0.2880357351043675,1.0,0.3380236446719876,0.34043252070489627,0.21574473993027132
11.right - 7.left,0.05200747,0.26482842670412776,0.8278136298635552,0.04554312887253941,0.32576315666920036,0.13913222435250286
11.bottom - 7.top,0.067903824,0.5579831793876635,1.0,0.295318048815222,0.36016850035445147,0.20411374806542426
11.right - 8.left,0.25420168,0.18204417034973314,0.8089196159524515,0.24105104518583248,0.3453088336621796,0.28317500677315366
11.bottom - 8.top,0.14395425,0.6235026492776784,1.0,0.37814333304953723,0.29878611317985276,0.261904012983374
11.right - 9.left,0.2983193,0.22507568686057164,0.7702736686705407,0.22808343285856822,0.2705615108791822,0.3083050918153432
11.bottom - 9.top,0.051097106,0.5369024995882129,1.0,0.15130499747683965,0.30661795651354395,0.17768526795334755
11.right - 10.left,0.28246966,0.28063327330444837,0.8824299512780267,0.2320910090679743,0.30768287793543025,0.3122864162311927
11.bottom - 10.top,0.116293184,0.5326413583513506,0.909454333908016,0.2649462024660134,0.19278632928767425,0.21266802544910862
11.right - 12.left,0.02605042,0.598265464418535,0.8276308690540424,0.03147418397694516,0.18778025470590282,0.1397951187123191
11.bottom - 12.top,0.058006536,0.5827155610505574,1.0,0.15299659731334034,0.30023117755250117,0.18654908019444058
11.right - 13.left,0.05007003,0.1951147214592706,0.8603717894331868,0.08105455549184533,0.24261049197754475,0.12589285983398224
11.bottom - 13.top,0.17770775,0.25706815769427904,1.0,0.38554850641458394,0.26919896272990085,0.24629956000060982
11.right - 14.left,0.18529412,0.47107002142341753,0.9343005689756099,0.28444663058521263,0.29251545244730864,0.267001783477098
11.bottom - 14.top,0.36276844,0.3292738574219825,1.0,0.38112638411283123,0.34938498599294343,0.3908601036135098
11.right - 15.left,0.39080298,0.28277539840324056,0.8502633087184144,0.26283761090891594,0.21942094504322043,0.37943675403359317
11.bottom - 15.top,0.59117645,0.4198483770668171,1.0,0.4503512401409739,0.3689825367619674,0.5652241685667002
12.right - 0.left,0.2514706,0.286135053201897,1.0,0.37637084130837634,0.300408848878977,0.30350234621202854
12.bottom - 0.top,0.25172734,0.2978019364365655,1.0,0.35240660516366124,0.39528123446919883,0.31313778419244087
12.right - 1.left,0.23506069,0.31648239898999847,1.0,0.3074104335455078,0.33230940149369664,0.2947921830288599
12.bottom - 1.top,0.28748834,0.1882034922731654,1.0,0.35336691687548455,0.3992051321308261,0.3276510442359785
12.right - 2.left,0.07233893,0.16996194678154425,1.0,0.07108796353785403,0.3001350151019993,0.1512013469940503
12.bottom - 2.top,0.06732026,0.5203599004180727,1.0,0.29516079077182844,0.36076035532217826,0.19999424605539035
12.right - 3.left,0.26528946,0.11274409827736366,1.0,0.2325703104307825,0.22031141927846482,0.2806366892139201
12.bottom - 3.top,0.19981326,0.20713683090840923,1.0,0.28615765969012685,0.2724161948885948,0.25213247317426074
12.right - 4.left,0.026867414,0.16872883429598937,1.0,0.06202993357976018,0.2754637222934771,0.11632794187700955
12.bottom - 4.top,0.08195612,0.2037577790640024,1.0,0.35546153755282606,0.36782979474459276,0.18230111486500908
12.right - 5.left,0.5316526,0.3919605464738122,1.0,0.3161704747333059,0.30950537663781635,0.5081119446897197
12.bottom - 5.top,0.2642857,0.339722637909965,1.0,0.3122666202100224,0.43077944093135995,0.32766354127881936
12.right - 6.left,0.0304155,0.29103592170579,1.0,0.02376519302309925,0.2759003156380529,0.12917273327982445
12.bottom - 6.top,0.14694211,0.4403548091005936,1.0,0.3798734350126015,0.2908416113078945,0.2449727885100496
12.right - 7.left,0.0498366,0.23102499338994364,1.0,0.09408847230439725,0.3594401405667027,0.14863655584657215
12.bottom - 7.top,0.07229225,0.03688291561693508,1.0,0.42240079766891264,0.4157390919581776,0.16698681874855237
12.right - 8.left,0.2495098,0.2050381801026004,1.0,0.26740170285922743,0.305877916931496,0.2891185479261669
12.bottom - 8.top,0.120331466,0.2431254128883179,1.0,0.32541629662184945,0.33956648759973673,0.2087720297283591
12.right - 9.left,0.2921802,0.18530523946575558,1.0,0.22150502376924142,0.24295576924327555,0.3084274933452615
12.bottom - 9.top,0.08022876,0.19777908689758747,1.0,0.3462660744781521,0.3315859447810659,0.17640994022378703
12.right - 10.left,0.2761905,0.18947325458659686,1.0,0.2516138499916392,0.3171078930936579,0.3065721499390017
12.bottom - 10.top,0.1448646,0.20561723287742412,0.9401962324936769,0.3202133574405259,0.4060786593249238,0.22559528696054387
12.right - 11.left,0.02710084,0.18657661092739972,1.0,0.06530130932356493,0.2745349942446899,0.11834681420553325
12.bottom - 11.top,0.08356676,0.4428717585432239,1.0,0.34065123143314724,0.27215314729436674,0.19703178442017358
12.right - 13.left,0.044491127,0.3037290524088986,1.0,0.12779382605323325,0.2913450183886593,0.14704088663071802
12.bottom - 13.top,0.14582166,0.4842452161441885,1.0,0.32166533057945673,0.30782626454207446,0.24736557414731228
12.right - 14.left,0.17971522,0.32144829268143854,1.0,0.26252687079618886,0.32084205571084273,0.2531560326711442
12.bottom - 14.top,0.35641924,0.4479519320067382,1.0,0.41396380076294453,0.37674054548868185,0.40266090261522675
12.right - 15.left,0.3845238,0.1571538983091005,1.0,0.2325661768636782,0.3065087153146478,0.37716121859346763
12.bottom - 15.top,0.5713352,0.4515057426733264,1.0,0.38491507329794034,0.3679608054378789,0.5511270281411634
13.right - 0.left,0.093557425,0.11400860786086778,0.9266911177192514,0.2442329339574904,0.39063774171588167,0.17450103120653965
13.bottom - 0.top,0.28450048,0.48205817621692526,1.0,0.473832785279994,0.3854361938740484,0.3595914150420561
13.right - 1.left,0.1476424,0.19542411516741692,1.0,0.4735277375508999,0.35234359956984773,0.23180283656963618
13.bottom - 1.top,0.36956117,0.5805946582010207,0.9238979155360557,0.45717017375497976,0.34090750168912304,0.4198964214522539
13.right - 2.left,0.1971522,0.26771243452636645,1.0,0.345275415598078,0.3573987116211426,0.2677814235473495
13.bottom - 2.top,0.12511672,0.32942298885880145,1.0,0.3382696452008218,0.3482623665736083,0.22226371937999184
13.right - 3.left,0.08011205,0.3078994651563922,0.8783257700028193,0.25717553809651356,0.21626726957541653,0.16527017286862605
13.bottom - 3.top,0.1636788,0.39012946292809075,1.0,0.34080311007137304,0.36047194061327525,0.25667545093707006
13.right - 4.left,0.2764706,0.43063010582234396,0.8211431857696924,0.3487148938954658,0.28604314393574937,0.3236896411094502
13.bottom - 4.top,0.15455182,0.5855041438604313,1.0,0.3880138838503532,0.3940596573590985,0.27554334908139266
13.right - 5.left,0.2925537,0.6343027484621183,1.0,0.28295156072998495,0.3353196147645777,0.3658973965182112
13.bottom - 5.top,0.2417367,0.5166336499201455,1.0,0.33037795827124866,0.3836891982367386,0.325766861897952
13.right - 6.left,0.26064426,0.3083416907309756,0.9635009507202945,0.34461336595291037,0.31568883195254244,0.3102597480500559
13.bottom - 6.top,0.222479,0.05145398697160307,1.0,0.22625473492757117,0.44381185497458703,0.2665746199322009
13.right - 7.left,0.22049485,0.40429737555569384,0.8843220292165411,0.34859141818535716,0.35800827622774883,0.2922226291070863
13.bottom - 7.top,0.14199346,0.4609243567070428,1.0,0.40888910423680025,0.32316928657239197,0.24824924366736226
13.right - 8.left,0.17441642,0.2953040037642751,0.8800786023435931,0.4572935465417639,0.3629900589371035,0.25478950821504276
13.bottom - 8.top,0.1606676,0.5925894823235347,1.0,0.31500669654127905,0.38000192781221986,0.27547679461390906
13.right - 9.left,0.15191409,0.358240476896068,0.8278273368865116,0.3079213025785998,0.2788421612771386,0.22683556022338797
13.bottom - 9.top,0.09558824,0.47790182152551386,1.0,0.3688674895476996,0.3668322358002273,0.2198285446528798
13.right - 10.left,0.1781746,0.4248779693905308,0.9457938203631008,0.3695266075713073,0.3625082782583842,0.2692268661652168
13.bottom - 10.top,0.101167135,0.48682326853733565,0.8487799230633027,0.24035595583359193,0.318868268038194,0.20584294131577663
13.right - 11.left,0.27539682,0.27318732503821785,0.970881649667258,0.35011491167923775,0.3244764998466284,0.3185939783332523
13.bottom - 11.top,0.14948647,0.438831498703453,0.9828561338094657,0.3475592893607302,0.37986982475415054,0.2530314320639549
13.right - 12.left,0.28874883,0.7173200351507052,0.8846416652964381,0.35522331218953845,0.29787302245486913,0.3656367330444327
13.bottom - 12.top,0.14544818,0.5686844804122593,1.0,0.3469965549827781,0.3699853552929071,0.2630305374468032
13.right - 14.left,0.15429506,0.5561615337018955,1.0,0.20100807559528447,0.35267418446555643,0.2589405125571112
13.bottom - 14.top,0.30385152,0.24729026515833838,0.9965382191673208,0.4214388792473329,0.4099966153676543,0.3493236035116239
13.right - 15.left,0.21577965,0.4402674892873916,0.9112983643645258,0.23373554262908122,0.35975844519208816,0.28830004334951587
13.bottom - 15.top,0.505789,0.4303115622257215,0.9976942304219738,0.30342601887673537,0.35427129609132074,0.4975665737158749
14.right - 0.left,0.2164099,0.4101691895478301,0.9491818134402263,0.24576463838926527,0.33208969088786955,0.2854601438663983
14.bottom - 0.top,0.29007936,0.4648837579557667,1.0,0.3829595386440304,0.27292954642961387,0.34598485305841503
14.right - 1.left,0.17763773,0.4270402580944504,1.0,0.4671808497031282,0.2576618451010418,0.26617565807242105
14.bottom - 1.top,0.3348039,0.5290407715848194,0.9535471521458265,0.3347148341251374,0.3155370165573229,0.3832336144720999
14.right - 2.left,0.31561622,0.284881880098039,1.0,0.27823587835603125,0.30886936226803535,0.344218269339254
14.bottom - 2.top,0.06622316,0.459987164047758,1.0,0.20527073440254456,0.2782081346910929,0.1804392789417582
14.right - 3.left,0.17588702,0.24915454796264166,0.8929283708196445,0.16061375024080848,0.3019295507286411,0.23090642734154254
14.bottom - 3.top,0.2345238,0.4398550951552112,1.0,0.3375455309637813,0.23195178250765308,0.29822462343122047
14.right - 4.left,0.395028,0.08830697031746723,0.8495976205396536,0.2682337192944608,0.26694682631421734,0.3679365432315648
14.bottom - 4.top,0.074416436,0.5656710475742552,1.0,0.23980956652465069,0.32223928536472923,0.20287301699861574
14.right - 5.left,0.23730159,0.2953582074139657,1.0,0.23373431251280896,0.2925080110576747,0.2865844491137347
14.bottom - 5.top,0.29815593,0.49783654561705354,1.0,0.2538251606632767,0.3438730608532335,0.3555713692329422
14.right - 6.left,0.37999535,0.3243092341855568,0.9883697536254458,0.24237342001845355,0.2844909828059764,0.38841390474849
14.bottom - 6.top,0.14799252,0.3324441851242386,1.0,0.2126385776369985,0.3398975212990238,0.2314608645912767
14.right - 7.left,0.3390056,0.20760939563627068,0.9102663835441794,0.28187961983893395,0.2668538660526913,0.3443575389776698
14.bottom - 7.top,0.099253036,0.46900983802215707,1.0,0.31753112654498666,0.31656004596885623,0.21391067072866238
14.right - 8.left,0.17948179,0.287389021861068,0.8983601397814283,0.4110379466734472,0.35682790300671385,0.25552884496797684
14.bottom - 8.top,0.17250232,0.5816849526379794,1.0,0.30360230793775433,0.3524530496728271,0.27934554241753823
14.right - 9.left,0.14194678,0.1938911368035865,0.8628182941402593,0.23215494797324115,0.3228943594860482,0.2057899576157191
14.bottom - 9.top,0.066153124,0.4922368655641572,1.0,0.22106353407282225,0.2933638266415985,0.18592043345163484
14.right - 10.left,0.27885154,0.21667219541724375,0.9729801392884802,0.3137404313576174,0.31469746928523923,0.3126690722301457
14.bottom - 10.top,0.118930906,0.539514715009196,0.8927905027255889,0.15095105485466268,0.2743002910062805,0.21682021123059458
14.right - 11.left,0.39456117,0.23709980145752482,0.9923433264340658,0.266987523797769,0.2734882498568807,0.3902181617547419
14.bottom - 11.top,0.052310925,0.39423900284037006,1.0,0.20122083965464982,0.3019641460441543,0.16629900472765888
14.right - 12.left,0.40805322,0.3337029365493752,0.9156423115347684,0.2749675911739429,0.26661234640075343,0.4051992829137859
14.bottom - 12.top,0.05270775,0.4981452855498801,1.0,0.20205664448627658,0.29712984995364694,0.17652576990224528
14.right - 13.left,0.3388422,0.39080141091079384,0.9411612720584625,0.27294549690319325,0.2669610186668997,0.3636711276333073
14.bottom - 13.top,0.1894958,0.5022106200722577,1.0,0.3061277445518595,0.29000031915802355,0.2771745335578858
14.right - 15.left,0.26659662,0.02403958573385583,0.9355558939635328,0.18386196691631443,0.3209296968777898,0.2770854490450632
14.bottom - 15.top,0.6012372,0.5026885760844975,1.0,0.3253151496874949,0.35382702713199354,0.572783330379266
15.right - 0.left,0.17194211,0.3647433339237772,0.9691948132282812,0.38251893253892977,0.3482117135998528,0.25924067242173554
15.bottom - 0.top,0.2469888,0.42160290317153454,1.0,0.3922941341817248,0.3366113793161251,0.3183282882209443
15.right - 1.left,0.11094771,0.40414169439588277,1.0,0.32388352538230875,0.2598308288479006,0.21025482787261138
15.bottom - 1.top,0.27126518,0.4333629981317479,0.9094524696942125,0.3003256971066307,0.25877435347074684,0.3195882598027819
15.right - 2.left,0.21139123,0.2836002143544123,1.0,0.22144105454472263,0.3190425438281784,0.26931017891494863
15.bottom - 2.top,0.08274977,0.39945911977608867,1.0,0.18917550232495653,0.25463387501297585,0.18279291146916246
15.right - 3.left,0.1388889,0.24245638982633738,0.9105308707745687,0.2862801647480186,0.38511343742053133,0.21981975837872306
15.bottom - 3.top,0.23302987,0.23661597152001998,1.0,0.3211413119236814,0.28435149354967315,0.28127472262847536
15.right - 4.left,0.29056957,0.17394094506037075,0.8741448296607573,0.22940058870205446,0.2953137436625929,0.3055014443192456
15.bottom - 4.top,0.08067227,0.444311557694619,1.0,0.2009708922971938,0.3026298671801338,0.191213274951952
15.right - 5.left,0.3131419,0.43955457280960597,1.0,0.30349187962499424,0.34416467373090703,0.3627458482499403
15.bottom - 5.top,0.2683707,0.39516990457834034,1.0,0.29551624106230834,0.35034987571853893,0.3271872656954437
15.right - 6.left,0.27553686,0.2949561558787324,1.0,0.23700329610486004,0.31915425541285714,0.31613700845133924
15.bottom - 6.top,0.087535016,0.2972946830593955,1.0,0.2999304575132646,0.3134913148391448,0.1873496325424837
15.right - 7.left,0.23496732,0.20646861941727246,0.9291062175337679,0.22132722278345243,0.3811223485037707,0.28075789361818415
15.bottom - 7.top,0.09421102,0.3243246050805591,1.0,0.3392816546952541,0.35212883196574624,0.20055713790713617
15.right - 8.left,0.114985995,0.2067043245418619,0.9233221338839461,0.3493853591089735,0.3985822084545424,0.20465422221036048
15.bottom - 8.top,0.14621848,0.45351738048928036,1.0,0.3585495817248047,0.2628834370646333,0.24192049293715925
15.right - 9.left,0.12376284,0.26075528832932815,0.8726116850474354,0.28427689635573794,0.32547232089793465,0.20310117771766598
15.bottom - 9.top,0.09995331,0.35383761007032777,1.0,0.1815775420588472,0.29476258386496357,0.19390621109741601
15.right - 10.left,0.25646594,0.027880446775138835,0.9903774350457464,0.33707433667000286,0.26904057989265434,0.27559084147915985
15.bottom - 10.top,0.15422502,0.3365918886609112,0.8483469268171744,0.253065022850821,0.2919165685321273,0.22587895534297767
15.right - 11.left,0.29000932,0.2535998912905375,1.0,0.22697060943834665,0.31459058392132494,0.32117409886045123
15.bottom - 11.top,0.11706349,0.4818127775730856,0.9734169080049059,0.17188650941966918,0.3192474995097494,0.2193156418649775
15.right - 12.left,0.30396825,0.4539418540784677,0.9266224284833593,0.22757165907933996,0.29245782618127625,0.3451274509103883
15.bottom - 12.top,0.1124183,0.5290439103063237,1.0,0.1679640452801668,0.3146610545292504,0.22146150749485732
15.right - 13.left,0.23905228,0.3366059009634813,0.9624541507372203,0.2239639483399805,0.27251600270171483,0.2875696933590531
15.bottom - 13.top,0.14463118,0.3776363347188581,0.9676927550904517,0.362783946709446,0.2785215598646436,0.2333814441088729
15.right - 14.left,0.23272642,0.3657957941152308,1.0,0.30696288932188925,0.29503688897964303,0.29433990724808545
15.bottom - 14.top,0.3172736,0.38433554293948113,0.9772589663699087,0.36933878366997525,0.36710924944483253,0.36456587763234
